Variant_ID	Amplicon_ID	Template_ID	Project_ID	Chr	Start	End	Strand	Assembly	HGNC_gene	Refseq_protein_ID	Refseq_transcript_ID	Mutations
VAR467	CG001v3.4.3	TMPLT322	CG001v4.1	chr14	105246549	105246551	-1	hg19	AKT1	NP_001014432.1	NM_001014432.1	E17
VAR468	CG001v3.4.4	TMPLT335	CG001v3.4	chr2	29445257	29445259	-1	hg19	ALK	NP_004295.2	NM_004304.4	C1156
VAR469	CG001v4.0.40	TMPLT699	CG001v3.4	chr2	29443608	29443610	-1	hg19	ALK	NP_004295.2	NM_004304.4	D1203
VAR470	CG001v4.0.29	TMPLT709	CG001v3.4	chr2	29443695	29443697	-1	hg19	ALK	NP_004295.2	NM_004304.4	F1174
VAR471	CG001v4.0.40	TMPLT699	CG001v3.4	chr2	29443611	29443613	-1	hg19	ALK	NP_004295.2	NM_004304.4	G1202
VAR472	CG001v3.4.5	TMPLT479	CG001v3.4	chr2	29432681	29432683	-1	hg19	ALK	NP_004295.2	NM_004304.4	G1269
VAR473	CG001v3.4.4	TMPLT335	CG001v3.4	chr2	29445269	29445271	-1	hg19	ALK	NP_004295.2	NM_004304.4	L1152
VAR474	CG001v4.0.40	TMPLT699	CG001v3.4	chr2	29443629	29443631	-1	hg19	ALK	NP_004295.2	NM_004304.4	L1196
VAR475	CG001v4.0.40	TMPLT699	CG001v3.4	chr2	29443623	29443625	-1	hg19	ALK	NP_004295.2	NM_004304.4	L1198
VAR476	CG001v3.4.5	TMPLT479	CG001v3.4	chr2	29432663	29432665	-1	hg19	ALK	NP_004295.2	NM_004304.4	R1275
VAR477	CG001v3.4.4	TMPLT335	CG001v3.4	chr2	29445272	29445274	-1	hg19	ALK	NP_004295.2	NM_004304.4	T1151
VAR478	CG001v3.4.7	TMPLT353	CG001v3.4	chrX	66943543	66943545	1	hg19	AR	NP_000035.2	NM_000044.3	H875
VAR480	CG001v3.4.8	TMPLT352	CG001v3.4	chrX	66937367	66937369	1	hg19	AR	NP_000035.2	NM_000044.3	S741
VAR481	CG001v3.4.7	TMPLT353	CG001v3.4	chrX	66943552	66943554	1	hg19	AR	NP_000035.2	NM_000044.3	T878
VAR482	CG001v3.4.8	TMPLT352	CG001v3.4	chrX	66937370	66937372	1	hg19	AR	NP_000035.2	NM_000044.3	W742
VAR483	CG001v3.4.11	TMPLT345	CG001v3.4	chr7	140453153	140453155	-1	hg19	BRAF	NP_004324.2	NM_004333.4	D594
VAR484	CG001v4.0.6	TMPLT630	CG001v3.4	chr7	140481410	140481412	-1	hg19	BRAF	NP_004324.2	NM_004333.4	G466
VAR668	CG001v4.0.6	TMPLT630	CG001v3.4	chr7	140481404	140481406	-1	hg19	BRAF	NP_004324.2	NM_004333.4	F468
VAR486	CG001v4.0.6	TMPLT630	CG001v3.4	chr7	140481401	140481403	-1	hg19	BRAF	NP_004324.2	NM_004333.4	G469
VAR487	CG001v3.4.11	TMPLT345	CG001v3.4	chr7	140453147	140453149	-1	hg19	BRAF	NP_004324.2	NM_004333.4	G596
VAR488	CG001v3.4.11	TMPLT345	CG001v3.4	chr7	140453132	140453134	-1	hg19	BRAF	NP_004324.2	NM_004333.4	K601
VAR489	CG001v3.4.11	TMPLT345	CG001v3.4	chr7	140453144	140453146	-1	hg19	BRAF	NP_004324.2	NM_004333.4	L597
VAR490	CG001v4.0.52	TMPLT347	CG001v3.4	chr7	140508697	140508699	-1	hg19	BRAF	NP_004324.2	NM_004333.4	Q201
VAR491	CG001v3.4.11	TMPLT345	CG001v3.4	chr7	140453135	140453137	-1	hg19	BRAF	NP_004324.2	NM_004333.4	V600
VAR492	CG001v4.0.6	TMPLT630	CG001v3.4	chr7	140481392	140481394	-1	hg19	BRAF	NP_004324.2	NM_004333.4	Y472
VAR493	CG001v3.4.13	TMPLT338	CG001v3.4	chr3	41266097	41266099	1	hg19	CTNNB1	NP_001895.1	NM_001904.3	D32
VAR494	CG001v3.4.13	TMPLT338	CG001v3.4	chr3	41266103	41266105	1	hg19	CTNNB1	NP_001895.1	NM_001904.3	G34
VAR495	CG001v3.4.13	TMPLT338	CG001v3.4	chr3	41266100	41266102	1	hg19	CTNNB1	NP_001895.1	NM_001904.3	S33
VAR496	CG001v3.4.13	TMPLT338	CG001v3.4	chr3	41266112	41266114	1	hg19	CTNNB1	NP_001895.1	NM_001904.3	S37
VAR497	CG001v3.4.13	TMPLT338	CG001v3.4	chr3	41266136	41266138	1	hg19	CTNNB1	NP_001895.1	NM_001904.3	S45
VAR498	CG001v3.4.13	TMPLT338	CG001v3.4	chr3	41266124	41266126	1	hg19	CTNNB1	NP_001895.1	NM_001904.3	T41
VAR669	CG001v3.4.20	TMPLT447	CG001v3.4	chr7	55242415	55242513	1	hg19	EGFR	NP_005219.2	NM_005228.3	Exon19
VAR649	CG001v4.0.35	TMPLT695	CG001v3.4	chr7	55248986	55249073	1	hg19	EGFR	NP_005219.2	NM_005228.3	Exon20_part1
VAR650	CG001v3.4.22	TMPLT522	CG001v3.4	chr7	55249074	55249130	1	hg19	EGFR	NP_005219.2	NM_005228.3	Exon20_part2
VAR651	CG001v4.0.23	TMPLT521	CG001v3.4	chr7	55249131	55249171	1	hg19	EGFR	NP_005219.2	NM_005228.3	Exon20_part3
VAR670	CG001v3.4.24	TMPLT359	CG001v3.4	chr7	55259412	55259489	1	hg19	EGFR	NP_005219.2	NM_005228.3	Exon21_part1
VAR671	CG001v3.4.18	TMPLT360	CG001v3.4	chr7	55259490	55259567	1	hg19	EGFR	NP_005219.2	NM_005228.3	Exon21_part2
VAR672	CG001v3.4.25	TMPLT372	CG001v3.4	chr17	37880979	37881071	1	hg19	ERBB2	NP_004439.2	NM_004448.3	Exon20_part1
VAR673	CG001v3.4.26	TMPLT373	CG001v3.4	chr17	37881072	37881164	1	hg19	ERBB2	NP_004439.2	NM_004448.3	Exon20_part2
VAR509	CG001v3.4.27	TMPLT326	CG001v3.4	chr17	37868204	37868206	1	hg19	ERBB2	NP_004439.2	NM_004448.3	G309
VAR510	CG001v3.4.27	TMPLT326	CG001v3.4	chr17	37868207	37868209	1	hg19	ERBB2	NP_004439.2	NM_004448.3	S310
VAR511	CG001v3.4.31	TMPLT343	CG001v3.4	chr6	152419925	152419927	1	hg19	ESR1	NP_001116214.1	NM_001122742.1	D538
VAR512	CG001v3.4.31	TMPLT343	CG001v3.4	chr6	152419919	152419921	1	hg19	ESR1	NP_001116214.1	NM_001122742.1	L536
VAR513	CG001v3.4.31	TMPLT343	CG001v3.4	chr6	152419916	152419918	1	hg19	ESR1	NP_001116214.1	NM_001122742.1	P535
VAR514	CG001v3.4.31	TMPLT343	CG001v3.4	chr6	152419913	152419915	1	hg19	ESR1	NP_001116214.1	NM_001122742.1	V534
VAR515	CG001v3.4.31	TMPLT343	CG001v3.4	chr6	152419922	152419924	1	hg19	ESR1	NP_001116214.1	NM_001122742.1	Y537
VAR522	CG001v3.4.37	TMPLT330	CG001v3.4	chr19	3118941	3118943	1	hg19	GNA11	NP_002058.2	NM_002067.4	Q209
VAR523	CG001v3.4.38	TMPLT351	CG001v3.4	chr9	80409487	80409489	-1	hg19	GNAQ	NP_002063.2	NM_002072.4	Q209
VAR524	CG001v3.4.39	TMPLT431	CG001v3.4	chr20	57484420	57484422	1	hg19	GNAS	NP_000507.1	NM_000516.5	R201
VAR525	CG001v3.4.132	TMPLT571	CG001v3.4	chr11	534287	534289	-1	hg19	HRAS	NP_005334.1	NM_005343.3	G12
VAR526	CG001v3.4.132	TMPLT571	CG001v3.4	chr11	534284	534286	-1	hg19	HRAS	NP_005334.1	NM_005343.3	G13
VAR527	CG001v3.4.41	TMPLT316	CG001v3.4	chr11	533873	533875	-1	hg19	HRAS	NP_005334.1	NM_005343.3	Q61
VAR528	CG001v3.4.42	TMPLT336	CG001v3.4	chr2	209113111	209113113	-1	hg19	IDH1	NP_005887.2	NM_005896.3	R132
VAR529	CG001v3.4.43	TMPLT444	CG001v3.4	chr15	90631933	90631935	-1	hg19	IDH2	NP_002159.2	NM_002168.3	R140
VAR530	CG001v3.4.43	TMPLT444	CG001v3.4	chr15	90631837	90631839	-1	hg19	IDH2	NP_002159.2	NM_002168.3	R172
VAR533	CG001v3.4.48	TMPLT342	CG001v3.4	chr4	55599320	55599322	1	hg19	KIT	NP_000213.1	NM_000222.2	D816
VAR534	CG001v3.4.48	TMPLT342	CG001v3.4	chr4	55599332	55599334	1	hg19	KIT	NP_000213.1	NM_000222.2	D820
VAR674	CG001v3.4.49	TMPLT370	CG001v3.4	chr4	55593582	55593644	1	hg19	KIT	NP_000213.1	NM_000222.2	Exon11_part1
VAR675	CG001v3.4.50	TMPLT371	CG001v3.4	chr4	55593645	55593708	1	hg19	KIT	NP_000213.1	NM_000222.2	Exon11_part2
VAR676	CG001v3.4.51	TMPLT368	CG001v3.4	chr4	55594177	55594231	1	hg19	KIT	NP_000213.1	NM_000222.2	Exon13_part1
VAR677	CG001v3.4.138	TMPLT579	CG001v3.4	chr4	55594232	55594287	1	hg19	KIT	NP_000213.1	NM_000222.2	Exon13_part2
VAR678	CG001v3.4.53	TMPLT513	CG001v3.4	chr4	55592023	55592060	1	hg19	KIT	NP_000213.1	NM_000222.2	Exon9_part1
VAR540	CG001v3.4.54	TMPLT514	CG001v3.4	chr4	55592061	55592140	1	hg19	KIT	NP_000213.1	NM_000222.2	Exon9_part2
VAR679	CG001v4.0.2	TMPLT698	CG001v3.4	chr4	55592141	55592216	1	hg19	KIT	NP_000213.1	NM_000222.2	Exon9_part3
VAR542	CG001v3.4.48	TMPLT342	CG001v3.4	chr4	55599338	55599340	1	hg19	KIT	NP_000213.1	NM_000222.2	N822
VAR543	CG001v3.4.48	TMPLT342	CG001v3.4	chr4	55599341	55599343	1	hg19	KIT	NP_000213.1	NM_000222.2	Y823
VAR544	CG001v4.0.4	TMPLT645	CG001v3.4	chr12	25378560	25378562	-1	hg19	KRAS	NP_004976.2	NM_004985.4	A146
VAR545	CG001v3.4.56	TMPLT321	CG001v3.4	chr12	25398283	25398285	-1	hg19	KRAS	NP_004976.2	NM_004985.4	G12
VAR546	CG001v3.4.56	TMPLT321	CG001v3.4	chr12	25398280	25398282	-1	hg19	KRAS	NP_004976.2	NM_004985.4	G13
VAR547	CG001v4.0.39	TMPLT671	CG001v3.4	chr12	25378647	25378649	-1	hg19	KRAS	NP_004976.2	NM_004985.4	K117
VAR548	CG001v3.4.59	TMPLT320	CG001v3.4	chr12	25380275	25380277	-1	hg19	KRAS	NP_004976.2	NM_004985.4	Q61
VAR549	CG001v4.0.8	TMPLT685	CG001v3.4	chr15	66727483	66727485	1	hg19	MAP2K1	NP_002746.1	NM_002755.3	D67
VAR550	CG001v4.0.27	TMPLT686	CG001v3.4	chr15	66727453	66727455	1	hg19	MAP2K1	NP_002746.1	NM_002755.3	K57
VAR551	CG001v4.0.27	TMPLT686	CG001v3.4	chr15	66727459	66727461	1	hg19	MAP2K1	NP_002746.1	NM_002755.3	K59
VAR552	CG001v4.0.7	TMPLT673	CG001v3.4	chr15	66782930	66782932	1	hg19	MAP2K1	NP_002746.1	NM_002755.3	P387
VAR553	CG001v4.0.27	TMPLT686	CG001v3.4	chr15	66727450	66727452	1	hg19	MAP2K1	NP_002746.1	NM_002755.3	Q56
VAR655	CG001v4.0.41	TMPLT705	CG001v3.4	chr7	116411552	116411597	1	hg19	MET	NP_001120972.1	NM_001127500.2	Exon13_part1
VAR656	CG001v3.4.68	TMPLT457	CG001v3.4	chr7	116411598	116411660	1	hg19	MET	NP_001120972.1	NM_001127500.2	Exon13_part2
VAR657	CG001v4.0.12	TMPLT702	CG001v3.4	chr7	116411661	116411708	1	hg19	MET	NP_001120972.1	NM_001127500.2	Exon13_part3
VAR680	CG001v3.4.70	TMPLT366	CG001v3.4	chr7	116422042	116422096	1	hg19	MET	NP_001120972.1	NM_001127500.2	Exon18_part1
VAR681	CG001v3.4.71	TMPLT367	CG001v3.4	chr7	116422097	116422151	1	hg19	MET	NP_001120972.1	NM_001127500.2	Exon18_part2
VAR559	CG001v3.4.72	TMPLT344	CG001v3.4	chr7	116423428	116423430	1	hg19	MET	NP_001120972.1	NM_001127500.2	Y1253
VAR560	CG001v3.4.73	TMPLT304	CG001v3.4	chr1	115252202	115252204	-1	hg19	NRAS	NP_002515.1	NM_002524.4	A146
VAR561	CG001v3.4.74	TMPLT307	CG001v3.4	chr1	115258746	115258748	-1	hg19	NRAS	NP_002515.1	NM_002524.4	G12
VAR562	CG001v3.4.74	TMPLT307	CG001v3.4	chr1	115258743	115258745	-1	hg19	NRAS	NP_002515.1	NM_002524.4	G13
VAR563	CG001v3.4.75	TMPLT305	CG001v3.4	chr1	115252289	115252291	-1	hg19	NRAS	NP_002515.1	NM_002524.4	K117
VAR564	CG001v3.4.76	TMPLT306	CG001v3.4	chr1	115256528	115256530	-1	hg19	NRAS	NP_002515.1	NM_002524.4	Q61
VAR566	CG001v3.4.135	TMPLT574	CG001v3.4	chr4	55152083	55152115	1	hg19	PDGFRA	NP_006197.1	NM_006206.4	L839_Y849,D842
VAR567	CG001v3.4.81	TMPLT340	CG001v3.4	chr3	178952081	178952083	1	hg19	PIK3CA	NP_006209.2	NM_006218.3	A1046
VAR568	CG001v4.0.9	TMPLT692	CG001v3.4	chr3	178936103	178936105	1	hg19	PIK3CA	NP_006209.2	NM_006218.3	D549
VAR569	CG001v4.0.9	TMPLT692	CG001v3.4	chr3	178936082	178936084	1	hg19	PIK3CA	NP_006209.2	NM_006218.3	E542
VAR570	CG001v4.0.9	TMPLT692	CG001v3.4	chr3	178936091	178936093	1	hg19	PIK3CA	NP_006209.2	NM_006218.3	E545
VAR571	CG001v3.4.81	TMPLT340	CG001v3.4	chr3	178952090	178952092	1	hg19	PIK3CA	NP_006209.2	NM_006218.3	G1049
VAR572	CG001v3.4.81	TMPLT340	CG001v3.4	chr3	178952084	178952086	1	hg19	PIK3CA	NP_006209.2	NM_006218.3	H1047
VAR573	CG001v3.4.81	TMPLT340	CG001v3.4	chr3	178952072	178952074	1	hg19	PIK3CA	NP_006209.2	NM_006218.3	M1043
VAR574	CG001v3.4.81	TMPLT340	CG001v3.4	chr3	178952075	178952077	1	hg19	PIK3CA	NP_006209.2	NM_006218.3	N1044
VAR575	CG001v4.0.9	TMPLT692	CG001v3.4	chr3	178936094	178936096	1	hg19	PIK3CA	NP_006209.2	NM_006218.3	Q546
VAR579	CG001v3.4.89	TMPLT308	CG001v3.4	chr10	43609948	43609950	1	hg19	RET	NP_066124.1	NM_020975.4	C634
VAR580	CG001v3.4.90	TMPLT309	CG001v3.4	chr10	43617415	43617417	1	hg19	RET	NP_066124.1	NM_020975.4	M918
VAR601	CG001v3.4.62	TMPLT332	CG001v3.4	chr19	4117549	4117551	-1	hg19	MAP2K2	NP_109587.1	NM_030662.3	F57
VAR602	CG001v3.4.62	TMPLT332	CG001v3.4	chr19	4117537	4117539	-1	hg19	MAP2K2	NP_109587.1	NM_030662.3	K61
VAR603	CG001v4.0.25	TMPLT670	CG001v3.4	chr19	4110600	4110602	-1	hg19	MAP2K2	NP_109587.1	NM_030662.3	L119
VAR604	CG001v3.4.62	TMPLT332	CG001v3.4	chr19	4117540	4117542	-1	hg19	MAP2K2	NP_109587.1	NM_030662.3	Q60
VAR608	CG001v4.0.40	TMPLT699	CG001v3.4	chr2	29443599	29443601	-1	hg19	ALK	NP_004295.2	NM_004304.4	S1206
VAR609	CG001v3.4.9	TMPLT529	CG001v3.4	chrX	66931504	66931506	1	hg19	AR	NP_000035.2	NM_000044.3	V716
VAR610	CG001v3.4.14	TMPLT530	CG001v3.4	chr1	162745497	162745499	1	hg19	DDR2	NP_001014796.1	NM_001014796.1	I638
VAR611	CG001v3.4.15	TMPLT531	CG001v3.4	chr1	162729629	162729631	1	hg19	DDR2	NP_001014796.1	NM_001014796.1	L239
VAR612	CG001v3.4.16	TMPLT532	CG001v3.4	chr1	162748388	162748390	1	hg19	DDR2	NP_001014796.1	NM_001014796.1	S768
VAR613	CG001v3.4.28	TMPLT555	CG001v3.4	chr17	37880219	37880221	1	hg19	ERBB2	NP_004439.2	NM_004448.3	L755
VAR614	CG001v3.4.131	TMPLT572	CG001v3.4	chr6	152265454	152265456	1	hg19	ESR1	NP_001116214.1	NM_001122742.1	K303
VAR615	CG001v3.4.30	TMPLT535	CG001v3.4	chr6	152415537	152415539	1	hg19	ESR1	NP_001116214.1	NM_001122742.1	S463
VAR616	CG001v3.4.46	TMPLT536	CG001v3.4	chr4	55602664	55602666	1	hg19	KIT	NP_000213.1	NM_000222.2	A829
VAR617	CG001v4.0.36	TMPLT640	CG001v3.4	chr4	55595518	55595520	1	hg19	KIT	NP_000213.1	NM_000222.2	T670
VAR618	CG001v3.4.65	TMPLT564	CG001v3.4	chr7	116411901	116411923	1	hg19	MET	NP_001120972.1	NM_001127500.2	Exon14_part1
VAR619	CG001v3.4.64	TMPLT565	CG001v3.4	chr7	116411924	116411997	1	hg19	MET	NP_001120972.1	NM_001127500.2	Exon14_part2
VAR620	CG001v3.4.66	TMPLT566	CG001v3.4	chr7	116411998	116412045	1	hg19	MET	NP_001120972.1	NM_001127500.2	Exon14_part3
VAR682	CG001v3.4.65	TMPLT564	CG001v3.4	chr7	116411852	116411900	1	hg19	MET	NP_001120972.1	NM_001127500.2	Exon14-50
VAR683	CG001v3.4.66	TMPLT566	CG001v3.4	chr7	116412046	116412069	1	hg19	MET	NP_001120972.1	NM_001127500.2	Exon14+25
VAR623	CG001v3.4.77	TMPLT538	CG001v3.4	chr4	55144146	55144148	1	hg19	PDGFRA	NP_006197.1	NM_006206.4	N659
VAR624	CG001v4.0.51	TMPLT558	CG001v3.4	chr4	55141032	55141067	1	hg19	PDGFRA	NP_006197.1	NM_006206.4	R560_E571
VAR625	CG001v3.4.82	TMPLT540	CG001v3.4	chr3	178916875	178916877	1	hg19	PIK3CA	NP_006209.2	NM_006218.3	R88
VAR626	CG001v3.4.83	TMPLT541	CG001v3.4	chr9	98218585	98218587	-1	hg19	PTCH1	NP_000255.2	NM_000264.3	G1093
VAR627	CG001v3.4.84	TMPLT542	CG001v3.4	chr9	98229426	98229428	-1	hg19	PTCH1	NP_000255.2	NM_000264.3	W844
VAR629	CG001v3.4.91	TMPLT544	CG001v3.4	chr10	43614996	43614998	1	hg19	RET	NP_066124.1	NM_020975.4	V804
VAR630	CG001v3.4.92	TMPLT545	CG001v3.4	chr6	117638345	117638347	-1	hg19	ROS1	NP_002935.2	NM_002944.2	G2032
VAR631	CG001v3.4.92	TMPLT545	CG001v3.4	chr6	117638363	117638365	-1	hg19	ROS1	NP_002935.2	NM_002944.2	L2026
VAR632	CG001v3.4.97	TMPLT547	CG001v3.4	chr7	128849189	128849191	1	hg19	SMO	NP_005622.1	NM_005631.4	D473
VAR633	CG001v3.4.98	TMPLT560	CG001v3.4	chr7	128850334	128850336	1	hg19	SMO	NP_005622.1	NM_005631.4	S533
VAR634	CG001v3.4.98	TMPLT560	CG001v3.4	chr7	128850340	128850342	1	hg19	SMO	NP_005622.1	NM_005631.4	W535
VAR684	CG001v3.4.142	TMPLT610	CG001v3.4	chr7	55241614	55241653	1	hg19	EGFR	NP_005219.2	NM_005228.3	Exon18_part1
VAR636	CG001v3.4.143	TMPLT617	CG001v3.4	chr7	55241654	55241696	1	hg19	EGFR	NP_005219.2	NM_005228.3	Exon18_part2
VAR685	CG001v4.0.1	TMPLT696	CG001v3.4	chr7	55241697	55241736	1	hg19	EGFR	NP_005219.2	NM_005228.3	Exon18_part3
VAR638	CG001v3.4.76	TMPLT306	CG001v3.4	chr1	115256534	115256536	-1	hg19	NRAS	NP_002515.1	NM_002524.4	A59
VAR639	CG001v3.4.59	TMPLT320	CG001v3.4	chr12	25380281	25380283	-1	hg19	KRAS	NP_004976.2	NM_004985.4	A59
VAR640	CG001v3.4.7	TMPLT353	CG001v3.4	chrX	66943549	66943551	1	hg19	AR	NP_000035.2	NM_000044.3	F877
VAR641	CG001v3.4.88	TMPLT415	CG001v3.4	chr10	89692904	89692906	1	hg19	PTEN	NP_000305.3	NM_000314.4	R130
VAR652	CG001v3.4.102	TMPLT452	CG001v3.4	chr17	7579310	7579407	-1	hg19	TP53	NP_000537.3	NM_000546.5	Exon4_part1
VAR653	CG001v3.4.103	TMPLT384	CG001v3.4	chr17	7579408	7579487	-1	hg19	TP53	NP_000537.3	NM_000546.5	Exon4_part2
VAR654	CG001v4.0.11	TMPLT390	CG001v3.4	chr17	7579488	7579592	-1	hg19	TP53	NP_000537.3	NM_000546.5	Exon4_part3
VAR584	CG001v3.4.105	TMPLT448	CG001v3.4	chr17	7578369	7578462	-1	hg19	TP53	NP_000537.3	NM_000546.5	Exon5_part1
VAR585	CG001v3.4.106	TMPLT449	CG001v3.4	chr17	7578463	7578556	-1	hg19	TP53	NP_000537.3	NM_000546.5	Exon5_part2
VAR586	CG001v4.0.48	TMPLT376	CG001v3.4	chr17	7578175	7578232	-1	hg19	TP53	NP_000537.3	NM_000546.5	Exon6_part1
VAR587	CG001v3.4.108	TMPLT450	CG001v3.4	chr17	7578233	7578291	-1	hg19	TP53	NP_000537.3	NM_000546.5	Exon6_part2
VAR588	CG001v3.4.109	TMPLT439	CG001v3.4	chr17	7577497	7577553	-1	hg19	TP53	NP_000537.3	NM_000546.5	Exon7_part1
VAR589	CG001v3.4.110	TMPLT387	CG001v3.4	chr17	7577554	7577610	-1	hg19	TP53	NP_000537.3	NM_000546.5	Exon7_part2
VAR590	CG001v3.4.111	TMPLT380	CG001v3.4	chr17	7577017	7577086	-1	hg19	TP53	NP_000537.3	NM_000546.5	Exon8_part1
VAR591	CG001v4.0.49	TMPLT381	CG001v3.4	chr17	7577087	7577157	-1	hg19	TP53	NP_000537.3	NM_000546.5	Exon8_part2
VAR592	CG001v3.4.113	TMPLT382	CG001v3.4	chr17	7576851	7576928	-1	hg19	TP53	NP_000537.3	NM_000546.5	Exon9
VAR658	CG001v4.0.30	TMPLT732	CG001v4.0	chr15	66729153	66729155	1	hg19	MAP2K1	NP_002746.1	NM_002755.3	C121
VAR659	CG001v4.0.30	TMPLT732	CG001v4.0	chr15	66729162	66729164	1	hg19	MAP2K1	NP_002746.1	NM_002755.3	P124
VAR660	CG001v4.0.50	TMPLT711	CG001v4.0	chr7	55228007	55228009	1	hg19	EGFR	NP_005219.2	NM_005228.3	S492
VAR661	CG001v4.0.32	TMPLT713	CG001v4.0	chr12	133253132	133253185	-1	hg19	POLE	NP_006222.2	NM_006231.3	Exon9_part1
VAR662	CG001v4.0.43	TMPLT652	CG001v4.0	chr12	133253186	133253239	-1	hg19	POLE	NP_006222.2	NM_006231.3	Exon9_part2
VAR663	CG001v4.0.33	TMPLT715	CG001v4.0	chr12	133252680	133252735	-1	hg19	POLE	NP_006222.2	NM_006231.3	Exon10_part1
VAR664	CG001v4.0.44	TMPLT654	CG001v4.0	chr12	133252736	133252790	-1	hg19	POLE	NP_006222.2	NM_006231.3	Exon10_part2
VAR665	CG001v4.0.42	TMPLT655	CG001v4.0	chr12	133252321	133252363	-1	hg19	POLE	NP_006222.2	NM_006231.3	Exon11_part1
VAR666	CG001v4.0.5	TMPLT656	CG001v4.0	chr12	133252364	133252406	-1	hg19	POLE	NP_006222.2	NM_006231.3	Exon11_part2
VAR667	CG001v4.0.38	TMPLT657	CG001v4.0	chr12	133251984	133252043	-1	hg19	POLE	NP_006222.2	NM_006231.3	Exon12_part1
VAR686	CG001v4.0.31	TMPLT658	CG001v4.0	chr12	133252044	133252103	-1	hg19	POLE	NP_006222.2	NM_006231.3	Exon12_part2
VAR687	CG001v4.0.34	TMPLT728	CG001v4.0	chr12	133250161	133250199	-1	hg19	POLE	NP_006222.2	NM_006231.3	Exon13_part1
VAR688	CG001v4.0.45	TMPLT729	CG001v4.0	chr12	133250200	133250237	-1	hg19	POLE	NP_006222.2	NM_006231.3	Exon13_part2
VAR645	CG001v4.0.14	TMPLT725	CG001v4.0	chr12	133250238	133250293	-1	hg19	POLE	NP_006222.2	NM_006231.3	Exon13_part3
VAR646	CG001v4.0.10	TMPLT662	CG001v4.0	chr12	133249750	133249806	-1	hg19	POLE	NP_006222.2	NM_006231.3	Exon14_part1
VAR647	CG001v4.0.37	TMPLT663	CG001v4.0	chr12	133249807	133249863	-1	hg19	POLE	NP_006222.2	NM_006231.3	Exon14_part2
VAR648	CG001v4.0.13	TMPLT693	CG001v4.0	chrX	66931462	66931464	1	hg19	AR	NP_000035.2	NM_000044.3	L702H
